Febrero; ;Artigas;Colonia;Salto;Rocha;Treinta y Tres;Soriano;Canelones;Florida;Cerro Largo;Flores;San Jose;Lavalleja;Rio Negro;Tacuarembo;Durazno;Rivera;Maldonado;Montevideo;Paysandu
null; Vacunas recibidas;3839;5759;7679;3839;1919;5759;30719;3839;5759;1919;5759;3839;3839;5759;3839;5759;9600;76817;5759
null ; ;Hospital ASSESubCP Bella Union;Centro Tisiologico;Auditorio Municipal;Salon Comunal;Hospital Samuel Berton CHLA-EP;Centro Auxiliar ASSE;Hospital Evangelico;Hospital ASSE;Sede secundaria CCOU;Hospital ASSE CP Rosario;Villa Constitucion ASSE;Villa Constitucion Policlinica ASSE;Sindicato Medico ;Valetin Policlinica Local;LOCAL COMERCIAL Dr Soca y Brasil;HOSPITAL DE AGUDOS;Belen Policlinica CAM;Hospital del chuy;Hospital Castillos;Hospital Lascano;COMERO; Centro Cultural La Paloma;Hospital Rocha;Hospital Chuy;Hospoital Vergara;Centro Social Democratico;Estadio Municipal Centro Empleados de Comercio;Santa Clara del Olimar Centro Auxiliar de ASSE;La Charqueada Policlinica de ASSE;Hospital Dolores;Hospital Dolores 2;Mercedes CHLAEP;Cardona CAMS;Circulo Catolico Cardona;Dolores CAMS;Vista Linda Centro de barrio;MUCAM;Country ASSE;Asoc. Espanola;Centro Salud ASSE;CAAMEPA;SAPP;Salvador Allende;Centro Cultural Casa Artigas;SMI;Municipio;Hospital Pando;COMECA;Las Piedras Circulo Catolico;Club Social;Centro Auxiliar;Aeropuerto Auto Vacunatorio;CRAMI;Polideportivo IMM Las Piedras;ASSE;CP Canelones;Cerro Colorado Policlinica;Mendoza Grande Policlinica ASSE;Hospital ASSE CP Florida CHLAEP;Capilla del Sauce Policlinica;Sub CP Sdi Grande ASSE;Club 25 de agosto;Casupa Policlinica ASSE;Policlinico COMEF;UTU Gimnasio;Club Uruguay;Plaza de Deportes;Policlinica de ASSE;Ismael Cortinas Policlinica ASSE;Plaza de Deportes;Colonia Etchepare;Comision profomento Delta del Tigre;Local ex Garelli;Club de Jubilados y Pensionistas;Ciudad Rodriguez Plaza de Deportes ;Centro Proteccion de Choferes;Club de abuelos y adultos mayores;Policlinica AMSJ;Libertad Hospital ASSE;Jose Pedro varela Centro Auxiliar;Local espacio adolescente;Jose Batlle y Ordonez Centro Auxiliar;Mariscala Policliinica CAMDEL;Minas Estadio Municipal;Plaza Las Mujeres;Young CAMY Pediatria;Young Policlinica de ASSE;Bellaco Policlinica de ASSE;Fray Bentos Hospital ASSE;San Javier Policlinia de ASSE;Pazo de la Cruz Policlinica de ASSE;Policlinica de ASSElaza Las Mujeres;Hospital de Tacuarembo ;COMPLEJO BARRIOS AMORÍN;Clinica Fisioterapia;Paso de los Toros COMTA;Villa Ansina Municipio ;Las Toscas de Caraguata Polideportivo ;San Gregorio de Polanco Centro de Salud ;CP Durazno CHALEP;CAMEDUR;Hospital Dr. Emilio Penza;Sub CP Sarandi del Yi CHLAEP;Villa del Carmen Policlinica;Policlinica Blanquillo;La Paloma Policlinica;Villa del Carmen Policlinica 2;San Jorge Policlinica;Casa de la Cultura;Hospital ASSE Minas de Corrales;COMERI;CASMER;Vichadero Policlinica ASSE;Tranqueras Policlinica de ASSE;HTAL AIGUA;Pueblo Eden Centro Comunal;Policlinica AMDM-IAMPP;CAMPUS Puesto;CEDEMCAR;Jose Ignacio Policlinica de ASSE;Hospital Pan de Azucar;ANTEL ARENA 1;Hospital Militar;ANTEL ARENA 2;UNIVERSAL;Hospital de Clinicas C;Hospital de Clinicas B;Hospital de Clinicas A;Hospital Pereira Rossell;Asociacion Espanola;ANTEL ARENA 3;C.A.P. Grupo de Artilleria No. 1;Hospital Policial;ANTEL ARENA 4;Rural del Prado;ANTEL ARENA 5;Centro de Salud Cerro;Fondo Nacional de Recursos;Colegio Medico;CASMU;Sanatorio Casa de Galicia;COSEM Malvin;Circulo Catolico;Hospital Evangelico;Asociacion Espanola 2;Hospital Britanico;SMI IMPASA;CUDAM;C.A.P. Brigada de Infanteria No. 1;Policlinica Zully Sanchez;Hospital Maciel;IMM Complejo CRECE;Medica Uruguaya;FFSP;Hospital Pasteur;Guichon Centro Auxiliar;Quebracho Policlinica;CP Paysandu CHLAEP
null ;de Riesgo;0;0;0;0;0;0;0;0;0;0;0;0;0;0;0;0;0;0;0;0;0;0;0;0;0;0;0;0;0;0;0;0;0;0;0;0;0;0;0;0;0;0;0;0;0;0;0;0;0;0;0;0;0;0;0;0;0;0;0;0;0;0;0;0;0;0;0;0;0;0;0;0;0;0;0;0;0;0;0;0;0;0;0;0;0;0;0;0;0;0;0;0;0;0;0;0;0;0;0;0;0;0;0;0;0;0;0;0;0;0;0;0;0;0;0;0;0;0;0;0;0;0;0;0;0;0;0;0;0;0;0;0;0;0;0;0;0;0;0;0;0;0;0;0;0;0;0;0;0;0;0;0;0;0;0;0;0;0
null ;RANGO > 90 anos;0;0;0;0;0;0;0;0;0;0;0;0;0;0;0;0;0;0;0;0;0;0;0;0;0;0;0;0;0;0;0;0;0;0;0;0;0;0;0;0;0;0;0;0;0;0;0;0;0;0;0;0;0;0;0;0;0;0;0;0;0;0;0;0;0;0;0;0;0;0;0;0;0;0;0;0;0;0;0;0;0;0;0;0;0;0;0;0;0;0;0;0;0;0;0;0;0;0;0;0;0;0;0;0;0;0;0;0;0;0;0;0;0;0;0;0;0;0;0;0;0;0;0;0;0;0;0;0;0;0;0;0;0;0;0;0;0;0;0;0;0;0;0;0;0;0;0;0;0;0;0;0;0;0;0;0;0;0
null ;RANGO > 80 anos;0;0;0;0;0;0;0;0;0;0;0;0;0;0;0;0;0;0;0;0;0;0;0;0;0;0;0;0;0;0;0;0;0;0;0;0;0;0;0;0;0;0;0;0;0;0;0;0;0;0;0;0;0;0;0;0;0;0;0;0;0;0;0;0;0;0;0;0;0;0;0;0;0;0;0;0;0;0;0;0;0;0;0;0;0;0;0;0;0;0;0;0;0;0;0;0;0;0;0;0;0;0;0;0;0;0;0;0;0;0;0;0;0;0;0;0;0;0;0;0;0;0;0;0;0;0;0;0;0;0;0;0;0;0;0;0;0;0;0;0;0;0;0;0;0;0;0;0;0;0;0;0;0;0;0;0;0;0
null ;RANGO > 75 anos;0;0;0;0;0;0;0;0;0;0;0;0;0;0;0;0;0;0;0;0;0;0;0;0;0;0;0;0;0;0;0;0;0;0;0;0;0;0;0;0;0;0;0;0;0;0;0;0;0;0;0;0;0;0;0;0;0;0;0;0;0;0;0;0;0;0;0;0;0;0;0;0;0;0;0;0;0;0;0;0;0;0;0;0;0;0;0;0;0;0;0;0;0;0;0;0;0;0;0;0;0;0;0;0;0;0;0;0;0;0;0;0;0;0;0;0;0;0;0;0;0;0;0;0;0;0;0;0;0;0;0;0;0;0;0;0;0;0;0;0;0;0;0;0;0;0;0;0;0;0;0;0;0;0;0;0;0;0
null ;RANGO > 60 anos;0;0;0;0;0;0;0;0;0;0;0;0;0;0;0;0;0;0;0;0;0;0;0;0;0;0;0;0;0;0;0;0;0;0;0;0;0;0;0;0;0;0;0;0;0;0;0;0;0;0;0;0;0;0;0;0;0;0;0;0;0;0;0;0;0;0;0;0;0;0;0;0;0;0;0;0;0;0;0;0;0;0;0;0;0;0;0;0;0;0;0;0;0;0;0;0;0;0;0;0;0;0;0;0;0;0;0;0;0;0;0;0;0;0;0;0;0;0;0;0;0;0;0;0;0;0;0;0;0;0;0;0;0;0;0;0;0;0;0;0;0;0;0;0;0;0;0;0;0;0;0;0;0;0;0;0;0;0
null ;RANGO > 40 anos;0;0;0;0;0;0;0;0;0;0;0;0;0;0;0;0;0;0;0;0;0;0;0;0;0;0;0;0;0;0;0;0;0;0;0;0;0;0;0;0;0;0;0;0;0;0;0;0;0;0;0;0;0;0;0;0;0;0;0;0;0;0;0;0;0;0;0;0;0;0;0;0;0;0;0;0;0;0;0;0;0;0;0;0;0;0;0;0;0;0;0;0;0;0;0;0;0;0;0;0;0;0;0;0;0;0;0;0;0;0;0;0;0;0;0;0;0;0;0;0;0;0;0;0;0;0;0;0;0;0;0;0;0;0;0;0;0;0;0;0;0;0;0;0;0;0;0;0;0;0;0;0;0;0;0;0;0;0
null ;RANGO > 18 anos;0;0;0;0;0;0;0;0;0;0;0;0;0;0;0;0;0;0;0;0;0;0;0;0;0;0;0;0;0;0;0;0;0;0;0;0;0;0;0;0;0;0;0;0;0;0;0;0;0;0;0;0;0;0;0;0;0;0;0;0;0;0;0;0;0;0;0;0;0;0;0;0;0;0;0;0;0;0;0;0;0;0;0;0;0;0;0;0;0;0;0;0;0;0;0;0;0;0;0;0;0;0;0;0;0;0;0;0;0;0;0;0;0;0;0;0;0;0;0;0;0;0;0;0;0;0;0;0;0;0;0;0;0;0;0;0;0;0;0;0;0;0;0;0;0;0;0;0;0;0;0;0;0;0;0;0;0;0
null ;Total 1era Dosis;0;0;0;0;0;0;0;0;0;0;0;0;0;0;0;0;0;0;0;0;0;0;0;0;0;0;0;0;0;0;0;0;0;0;0;0;0;0;0;0;0;0;0;0;0;0;0;0;0;0;0;0;0;0;0;0;0;0;0;0;0;0;0;0;0;0;0;0;0;0;0;0;0;0;0;0;0;0;0;0;0;0;0;0;0;0;0;0;0;0;0;0;0;0;0;0;0;0;0;0;0;0;0;0;0;0;0;0;0;0;0;0;0;0;0;0;0;0;0;0;0;0;0;0;0;0;0;0;0;0;0;0;0;0;0;0;0;0;0;0;0;0;0;0;0;0;0;0;0;0;0;0;0;0;0;0;0;0
null ;Total 2da Dosis;0;0;0;0;0;0;0;0;0;0;0;0;0;0;0;0;0;0;0;0;0;0;0;0;0;0;0;0;0;0;0;0;0;0;0;0;0;0;0;0;0;0;0;0;0;0;0;0;0;0;0;0;0;0;0;0;0;0;0;0;0;0;0;0;0;0;0;0;0;0;0;0;0;0;0;0;0;0;0;0;0;0;0;0;0;0;0;0;0;0;0;0;0;0;0;0;0;0;0;0;0;0;0;0;0;0;0;0;0;0;0;0;0;0;0;0;0;0;0;0;0;0;0;0;0;0;0;0;0;0;0;0;0;0;0;0;0;0;0;0;0;0;0;0;0;0;0;0;0;0;0;0;0;0;0;0;0;0
null ;Acumulado Solicitudes Recibidas: 5044
Marzo; ;Artigas;Colonia;Salto;Rocha;Treinta y Tres;Soriano;Canelones;Florida;Cerro Largo;Flores;San Jose;Lavalleja;Rio Negro;Tacuarembo;Durazno;Rivera;Maldonado;Montevideo;Paysandu
null; Vacunas recibidas;34223;51336;68449;34223;17110;51336;273806;34223;51336;17110;51336;34223;34223;51336;34223;51336;85565;684580;51336
null ; ;Hospital ASSESubCP Bella Union;Centro Tisiologico;Auditorio Municipal;Salon Comunal;Hospital Samuel Berton CHLA-EP;Centro Auxiliar ASSE;Hospital Evangelico;Hospital ASSE;Sede secundaria CCOU;Hospital ASSE CP Rosario;Villa Constitucion ASSE;Villa Constitucion Policlinica ASSE;Sindicato Medico ;Valetin Policlinica Local;LOCAL COMERCIAL Dr Soca y Brasil;HOSPITAL DE AGUDOS;Belen Policlinica CAM;Hospital del chuy;Hospital Castillos;Hospital Lascano;COMERO; Centro Cultural La Paloma;Hospital Rocha;Hospital Chuy;Hospoital Vergara;Centro Social Democratico;Estadio Municipal Centro Empleados de Comercio;Santa Clara del Olimar Centro Auxiliar de ASSE;La Charqueada Policlinica de ASSE;Hospital Dolores;Hospital Dolores 2;Mercedes CHLAEP;Cardona CAMS;Circulo Catolico Cardona;Dolores CAMS;Vista Linda Centro de barrio;MUCAM;Country ASSE;Asoc. Espanola;Centro Salud ASSE;CAAMEPA;SAPP;Salvador Allende;Centro Cultural Casa Artigas;SMI;Municipio;Hospital Pando;COMECA;Las Piedras Circulo Catolico;Club Social;Centro Auxiliar;Aeropuerto Auto Vacunatorio;CRAMI;Polideportivo IMM Las Piedras;ASSE;CP Canelones;Cerro Colorado Policlinica;Mendoza Grande Policlinica ASSE;Hospital ASSE CP Florida CHLAEP;Capilla del Sauce Policlinica;Sub CP Sdi Grande ASSE;Club 25 de agosto;Casupa Policlinica ASSE;Policlinico COMEF;UTU Gimnasio;Club Uruguay;Plaza de Deportes;Policlinica de ASSE;Ismael Cortinas Policlinica ASSE;Plaza de Deportes;Colonia Etchepare;Comision profomento Delta del Tigre;Local ex Garelli;Club de Jubilados y Pensionistas;Ciudad Rodriguez Plaza de Deportes ;Centro Proteccion de Choferes;Club de abuelos y adultos mayores;Policlinica AMSJ;Libertad Hospital ASSE;Jose Pedro varela Centro Auxiliar;Local espacio adolescente;Jose Batlle y Ordonez Centro Auxiliar;Mariscala Policliinica CAMDEL;Minas Estadio Municipal;Plaza Las Mujeres;Young CAMY Pediatria;Young Policlinica de ASSE;Bellaco Policlinica de ASSE;Fray Bentos Hospital ASSE;San Javier Policlinia de ASSE;Pazo de la Cruz Policlinica de ASSE;Policlinica de ASSElaza Las Mujeres;Hospital de Tacuarembo ;COMPLEJO BARRIOS AMORÍN;Clinica Fisioterapia;Paso de los Toros COMTA;Villa Ansina Municipio ;Las Toscas de Caraguata Polideportivo ;San Gregorio de Polanco Centro de Salud ;CP Durazno CHALEP;CAMEDUR;Hospital Dr. Emilio Penza;Sub CP Sarandi del Yi CHLAEP;Villa del Carmen Policlinica;Policlinica Blanquillo;La Paloma Policlinica;Villa del Carmen Policlinica 2;San Jorge Policlinica;Casa de la Cultura;Hospital ASSE Minas de Corrales;COMERI;CASMER;Vichadero Policlinica ASSE;Tranqueras Policlinica de ASSE;HTAL AIGUA;Pueblo Eden Centro Comunal;Policlinica AMDM-IAMPP;CAMPUS Puesto;CEDEMCAR;Jose Ignacio Policlinica de ASSE;Hospital Pan de Azucar;ANTEL ARENA 1;Hospital Militar;ANTEL ARENA 2;UNIVERSAL;Hospital de Clinicas C;Hospital de Clinicas B;Hospital de Clinicas A;Hospital Pereira Rossell;Asociacion Espanola;ANTEL ARENA 3;C.A.P. Grupo de Artilleria No. 1;Hospital Policial;ANTEL ARENA 4;Rural del Prado;ANTEL ARENA 5;Centro de Salud Cerro;Fondo Nacional de Recursos;Colegio Medico;CASMU;Sanatorio Casa de Galicia;COSEM Malvin;Circulo Catolico;Hospital Evangelico;Asociacion Espanola 2;Hospital Britanico;SMI IMPASA;CUDAM;C.A.P. Brigada de Infanteria No. 1;Policlinica Zully Sanchez;Hospital Maciel;IMM Complejo CRECE;Medica Uruguaya;FFSP;Hospital Pasteur;Guichon Centro Auxiliar;Quebracho Policlinica;CP Paysandu CHLAEP
null ;de Riesgo;0;0;0;0;0;0;0;0;0;0;0;0;0;0;0;0;0;0;0;0;0;0;0;0;0;0;0;0;0;0;0;0;0;0;0;0;0;0;0;0;0;0;0;0;0;0;0;0;0;0;0;0;0;0;0;0;0;0;0;0;0;0;0;0;0;0;0;0;0;0;0;0;0;0;0;0;0;0;0;0;0;0;0;0;0;0;0;0;0;0;0;0;0;0;0;0;0;0;0;0;0;0;0;0;0;0;0;0;0;0;0;0;0;0;0;0;0;0;0;0;0;0;0;0;0;0;0;0;0;0;0;0;0;0;0;0;0;0;0;0;0;0;0;0;0;0;0;0;0;0;0;0;0;0;0;0;0;0
null ;RANGO > 90 anos;7;8;7;7;3;6;3;4;3;4;6;7;5;7;8;8;7;4;2;4;4;2;4;2;2;2;2;1;1;2;2;5;2;2;2;8;9;8;20;11;11;8;8;10;8;8;11;11;8;8;17;10;8;11;11;11;3;3;4;3;3;3;3;4;9;8;9;9;4;5;4;4;4;3;3;4;4;4;4;3;2;3;2;4;3;5;5;3;5;3;3;3;2;3;3;2;2;2;2;4;2;2;4;2;2;2;2;2;9;7;7;8;7;7;10;9;9;12;10;9;11;23;20;23;22;20;20;20;20;20;23;20;20;22;20;22;22;18;20;20;20;20;20;19;20;20;20;21;20;20;21;20;20;20;20;10;9;10
null ;RANGO > 80 anos;7;7;5;5;7;12;6;5;5;5;6;7;7;5;7;7;7;2;4;2;4;4;2;4;0;0;0;0;0;0;0;0;0;0;0;9;9;9;16;7;7;9;9;8;9;9;7;7;9;7;18;8;9;7;7;7;3;2;4;2;4;3;3;4;5;5;4;4;5;4;0;1;1;1;1;1;0;1;1;3;3;2;3;2;3;3;1;3;3;3;3;3;0;0;0;0;0;0;0;2;2;2;1;2;2;2;2;2;5;6;6;6;5;6;5;5;4;4;6;5;5;6;5;6;6;5;5;5;5;5;6;5;5;7;5;7;6;6;5;6;5;5;7;5;6;5;5;7;5;5;7;6;5;5;5;3;1;3
null ;RANGO > 75 anos;0;0;0;0;0;0;0;0;0;0;0;0;0;0;0;0;0;0;0;0;0;0;0;0;0;0;0;0;0;0;0;0;0;0;0;0;0;0;0;0;0;0;0;0;0;0;0;0;0;0;0;0;0;0;0;0;0;0;0;0;0;0;0;0;0;0;0;0;0;0;0;0;0;0;0;0;0;0;0;0;0;0;0;0;0;0;0;0;0;0;0;0;0;0;0;0;0;0;0;0;0;0;0;0;0;0;0;0;0;0;0;0;0;0;0;0;0;0;0;0;0;0;0;0;0;0;0;0;0;0;0;0;0;0;0;0;0;0;0;0;0;0;0;0;0;0;0;0;0;0;0;0;0;0;0;0;0;0
null ;RANGO > 60 anos;0;0;0;0;0;0;0;0;0;0;0;0;0;0;0;0;0;0;0;0;0;0;0;0;0;0;0;0;0;0;0;0;0;0;0;0;0;0;0;0;0;0;0;0;0;0;0;0;0;0;0;0;0;0;0;0;0;0;0;0;0;0;0;0;0;0;0;0;0;0;0;0;0;0;0;0;0;0;0;0;0;0;0;0;0;0;0;0;0;0;0;0;0;0;0;0;0;0;0;0;0;0;0;0;0;0;0;0;0;0;0;0;0;0;0;0;0;0;0;0;0;0;0;0;0;0;0;0;0;0;0;0;0;0;0;0;0;0;0;0;0;0;0;0;0;0;0;0;0;0;0;0;0;0;0;0;0;0
null ;RANGO > 40 anos;0;0;0;0;0;0;0;0;0;0;0;0;0;0;0;0;0;0;0;0;0;0;0;0;0;0;0;0;0;0;0;0;0;0;0;0;0;0;0;0;0;0;0;0;0;0;0;0;0;0;0;0;0;0;0;0;0;0;0;0;0;0;0;0;0;0;0;0;0;0;0;0;0;0;0;0;0;0;0;0;0;0;0;0;0;0;0;0;0;0;0;0;0;0;0;0;0;0;0;0;0;0;0;0;0;0;0;0;0;0;0;0;0;0;0;0;0;0;0;0;0;0;0;0;0;0;0;0;0;0;0;0;0;0;0;0;0;0;0;0;0;0;0;0;0;0;0;0;0;0;0;0;0;0;0;0;0;0
null ;RANGO > 18 anos;0;0;0;0;0;0;0;0;0;0;0;0;0;0;0;0;0;0;0;0;0;0;0;0;0;0;0;0;0;0;0;0;0;0;0;0;0;0;0;0;0;0;0;0;0;0;0;0;0;0;0;0;0;0;0;0;0;0;0;0;0;0;0;0;0;0;0;0;0;0;0;0;0;0;0;0;0;0;0;0;0;0;0;0;0;0;0;0;0;0;0;0;0;0;0;0;0;0;0;0;0;0;0;0;0;0;0;0;0;0;0;0;0;0;0;0;0;0;0;0;0;0;0;0;0;0;0;0;0;0;0;0;0;0;0;0;0;0;0;0;0;0;0;0;0;0;0;0;0;0;0;0;0;0;0;0;0;0
null ;Total 1era Dosis;14;15;12;12;10;18;9;9;8;9;12;14;12;12;15;15;14;6;6;6;8;6;6;6;2;2;2;1;1;2;2;5;2;2;2;17;18;17;36;18;18;17;17;18;17;17;18;18;17;15;35;18;17;18;18;18;6;5;8;5;7;6;6;8;14;13;13;13;9;9;4;5;5;4;4;5;4;5;5;6;5;5;5;6;6;8;6;6;8;6;6;6;2;3;3;2;2;2;2;6;4;4;5;4;4;4;4;4;14;13;13;14;12;13;15;14;13;16;16;14;16;24;20;24;23;20;20;20;20;20;24;20;20;24;20;24;23;20;20;21;20;20;22;20;21;20;20;23;20;20;23;21;20;20;20;13;10;13
null ;Total 2da Dosis;0;0;0;0;0;0;0;0;0;0;0;0;0;0;0;0;0;0;0;0;0;0;0;0;0;0;0;0;0;0;0;0;0;0;0;0;0;0;0;0;0;0;0;0;0;0;0;0;0;0;0;0;0;0;0;0;0;0;0;0;0;0;0;0;0;0;0;0;0;0;0;0;0;0;0;0;0;0;0;0;0;0;0;0;0;0;0;0;0;0;0;0;0;0;0;0;0;0;0;0;0;0;0;0;0;0;0;0;0;0;0;0;0;0;0;0;0;0;0;0;0;5;5;5;5;5;5;5;5;5;5;5;5;5;5;5;5;4;5;5;5;5;5;4;5;5;5;5;5;5;5;5;5;5;5;0;0;0
null ;Acumulado Solicitudes Recibidas: 10000
Abril; ;Artigas;Colonia;Salto;Rocha;Treinta y Tres;Soriano;Canelones;Florida;Cerro Largo;Flores;San Jose;Lavalleja;Rio Negro;Tacuarembo;Durazno;Rivera;Maldonado;Montevideo;Paysandu
null; Vacunas recibidas;959;1439;1919;959;479;1439;7679;959;1439;479;1439;959;959;1439;959;1439;2400;19217;1439
null ; ;Hospital ASSESubCP Bella Union;Centro Tisiologico;Auditorio Municipal;Salon Comunal;Hospital Samuel Berton CHLA-EP;Centro Auxiliar ASSE;Hospital Evangelico;Hospital ASSE;Sede secundaria CCOU;Hospital ASSE CP Rosario;Villa Constitucion ASSE;Villa Constitucion Policlinica ASSE;Sindicato Medico ;Valetin Policlinica Local;LOCAL COMERCIAL Dr Soca y Brasil;HOSPITAL DE AGUDOS;Belen Policlinica CAM;Hospital del chuy;Hospital Castillos;Hospital Lascano;COMERO; Centro Cultural La Paloma;Hospital Rocha;Hospital Chuy;Hospoital Vergara;Centro Social Democratico;Estadio Municipal Centro Empleados de Comercio;Santa Clara del Olimar Centro Auxiliar de ASSE;La Charqueada Policlinica de ASSE;Hospital Dolores;Hospital Dolores 2;Mercedes CHLAEP;Cardona CAMS;Circulo Catolico Cardona;Dolores CAMS;Vista Linda Centro de barrio;MUCAM;Country ASSE;Asoc. Espanola;Centro Salud ASSE;CAAMEPA;SAPP;Salvador Allende;Centro Cultural Casa Artigas;SMI;Municipio;Hospital Pando;COMECA;Las Piedras Circulo Catolico;Club Social;Centro Auxiliar;Aeropuerto Auto Vacunatorio;CRAMI;Polideportivo IMM Las Piedras;ASSE;CP Canelones;Cerro Colorado Policlinica;Mendoza Grande Policlinica ASSE;Hospital ASSE CP Florida CHLAEP;Capilla del Sauce Policlinica;Sub CP Sdi Grande ASSE;Club 25 de agosto;Casupa Policlinica ASSE;Policlinico COMEF;UTU Gimnasio;Club Uruguay;Plaza de Deportes;Policlinica de ASSE;Ismael Cortinas Policlinica ASSE;Plaza de Deportes;Colonia Etchepare;Comision profomento Delta del Tigre;Local ex Garelli;Club de Jubilados y Pensionistas;Ciudad Rodriguez Plaza de Deportes ;Centro Proteccion de Choferes;Club de abuelos y adultos mayores;Policlinica AMSJ;Libertad Hospital ASSE;Jose Pedro varela Centro Auxiliar;Local espacio adolescente;Jose Batlle y Ordonez Centro Auxiliar;Mariscala Policliinica CAMDEL;Minas Estadio Municipal;Plaza Las Mujeres;Young CAMY Pediatria;Young Policlinica de ASSE;Bellaco Policlinica de ASSE;Fray Bentos Hospital ASSE;San Javier Policlinia de ASSE;Pazo de la Cruz Policlinica de ASSE;Policlinica de ASSElaza Las Mujeres;Hospital de Tacuarembo ;COMPLEJO BARRIOS AMORÍN;Clinica Fisioterapia;Paso de los Toros COMTA;Villa Ansina Municipio ;Las Toscas de Caraguata Polideportivo ;San Gregorio de Polanco Centro de Salud ;CP Durazno CHALEP;CAMEDUR;Hospital Dr. Emilio Penza;Sub CP Sarandi del Yi CHLAEP;Villa del Carmen Policlinica;Policlinica Blanquillo;La Paloma Policlinica;Villa del Carmen Policlinica 2;San Jorge Policlinica;Casa de la Cultura;Hospital ASSE Minas de Corrales;COMERI;CASMER;Vichadero Policlinica ASSE;Tranqueras Policlinica de ASSE;HTAL AIGUA;Pueblo Eden Centro Comunal;Policlinica AMDM-IAMPP;CAMPUS Puesto;CEDEMCAR;Jose Ignacio Policlinica de ASSE;Hospital Pan de Azucar;ANTEL ARENA 1;Hospital Militar;ANTEL ARENA 2;UNIVERSAL;Hospital de Clinicas C;Hospital de Clinicas B;Hospital de Clinicas A;Hospital Pereira Rossell;Asociacion Espanola;ANTEL ARENA 3;C.A.P. Grupo de Artilleria No. 1;Hospital Policial;ANTEL ARENA 4;Rural del Prado;ANTEL ARENA 5;Centro de Salud Cerro;Fondo Nacional de Recursos;Colegio Medico;CASMU;Sanatorio Casa de Galicia;COSEM Malvin;Circulo Catolico;Hospital Evangelico;Asociacion Espanola 2;Hospital Britanico;SMI IMPASA;CUDAM;C.A.P. Brigada de Infanteria No. 1;Policlinica Zully Sanchez;Hospital Maciel;IMM Complejo CRECE;Medica Uruguaya;FFSP;Hospital Pasteur;Guichon Centro Auxiliar;Quebracho Policlinica;CP Paysandu CHLAEP
null ;de Riesgo;0;0;0;0;0;0;0;0;0;0;0;0;0;0;0;0;0;0;0;0;0;0;0;0;0;0;0;0;0;0;0;0;0;0;0;0;0;0;0;0;0;0;0;0;0;0;0;0;0;0;0;0;0;0;0;0;0;0;0;0;0;0;0;0;0;0;0;0;0;0;0;0;0;0;0;0;0;0;0;0;0;0;0;0;0;0;0;0;0;0;0;0;0;0;0;0;0;0;0;0;0;0;0;0;0;0;0;0;0;0;0;0;0;0;0;0;0;0;0;0;0;0;0;0;0;0;0;0;0;0;0;0;0;0;0;0;0;0;0;0;0;0;0;0;0;0;0;0;0;0;0;0;0;0;0;0;0;0
null ;RANGO > 90 anos;7;8;7;7;3;6;3;4;3;4;6;7;5;7;8;8;7;4;2;4;4;2;4;2;4;4;6;5;5;8;8;17;8;10;8;8;9;8;20;11;11;8;8;10;8;8;11;11;8;8;17;10;8;11;11;11;3;3;4;3;3;3;3;4;9;8;9;9;4;5;4;4;4;3;3;6;4;6;4;5;6;7;6;6;3;5;5;3;5;3;3;3;6;7;7;8;10;6;10;4;4;4;4;4;4;2;4;4;9;7;7;8;7;7;12;13;11;14;12;13;13;13;10;13;12;10;10;10;10;10;13;10;10;12;10;12;12;10;10;10;10;10;10;11;10;10;10;11;10;10;11;10;10;10;10;10;9;10
null ;RANGO > 80 anos;7;7;5;5;7;12;6;5;5;5;6;7;7;5;7;7;7;2;4;2;4;4;2;4;4;6;4;4;4;10;10;18;10;8;10;9;9;9;16;7;7;11;9;8;11;9;7;7;9;7;20;8;11;7;7;7;3;2;4;2;4;3;3;4;13;11;10;10;5;4;6;7;7;7;7;7;6;7;9;7;5;6;7;6;3;3;1;3;3;3;3;3;12;12;12;10;8;12;8;6;4;4;3;4;4;6;4;4;7;8;10;8;7;8;11;11;10;10;12;11;11;6;5;6;6;5;5;5;5;5;6;5;5;7;5;7;6;6;5;6;5;5;7;5;6;5;5;7;5;5;7;6;5;5;5;3;1;3
null ;RANGO > 75 anos;0;0;0;0;0;0;0;0;0;0;0;0;0;0;0;0;0;0;0;0;0;0;0;0;0;0;0;0;0;0;0;0;0;0;0;0;0;0;0;0;0;0;0;0;0;0;0;0;0;0;0;0;0;0;0;0;0;0;0;0;0;0;0;0;0;0;0;0;0;0;0;0;0;0;0;0;0;0;0;0;0;0;0;0;0;0;0;0;0;0;0;0;0;0;0;0;0;0;0;0;0;0;0;0;0;0;0;0;0;0;0;0;0;0;0;0;0;0;0;0;0;0;0;0;0;0;0;0;0;0;0;0;0;0;0;0;0;0;0;0;0;0;0;0;0;0;0;0;0;0;0;0;0;0;0;0;0;0
null ;RANGO > 60 anos;0;0;0;0;0;0;0;0;0;0;0;0;0;0;0;0;0;0;0;0;0;0;0;0;0;0;0;0;0;0;0;0;0;0;0;0;0;0;0;0;0;0;0;0;0;0;0;0;0;0;0;0;0;0;0;0;0;0;0;0;0;0;0;0;0;0;0;0;0;0;0;0;0;0;0;0;0;0;0;0;0;0;0;0;0;0;0;0;0;0;0;0;0;0;0;0;0;0;0;0;0;0;0;0;0;0;0;0;0;0;0;0;0;0;0;0;0;0;0;0;0;0;0;0;0;0;0;0;0;0;0;0;0;0;0;0;0;0;0;0;0;0;0;0;0;0;0;0;0;0;0;0;0;0;0;0;0;0
null ;RANGO > 40 anos;0;0;0;0;0;0;0;0;0;0;0;0;0;0;0;0;0;0;0;0;0;0;0;0;0;0;0;0;0;0;0;0;0;0;0;0;0;0;0;0;0;0;0;0;0;0;0;0;0;0;0;0;0;0;0;0;0;0;0;0;0;0;0;0;0;0;0;0;0;0;0;0;0;0;0;0;0;0;0;0;0;0;0;0;0;0;0;0;0;0;0;0;0;0;0;0;0;0;0;0;0;0;0;0;0;0;0;0;0;0;0;0;0;0;0;0;0;0;0;0;0;0;0;0;0;0;0;0;0;0;0;0;0;0;0;0;0;0;0;0;0;0;0;0;0;0;0;0;0;0;0;0;0;0;0;0;0;0
null ;RANGO > 18 anos;0;0;0;0;0;0;0;0;0;0;0;0;0;0;0;0;0;0;0;0;0;0;0;0;0;0;0;0;0;0;0;0;0;0;0;0;0;0;0;0;0;0;0;0;0;0;0;0;0;0;0;0;0;0;0;0;0;0;0;0;0;0;0;0;0;0;0;0;0;0;0;0;0;0;0;0;0;0;0;0;0;0;0;0;0;0;0;0;0;0;0;0;0;0;0;0;0;0;0;0;0;0;0;0;0;0;0;0;0;0;0;0;0;0;0;0;0;0;0;0;0;0;0;0;0;0;0;0;0;0;0;0;0;0;0;0;0;0;0;0;0;0;0;0;0;0;0;0;0;0;0;0;0;0;0;0;0;0
null ;Total 1era Dosis;0;0;0;0;0;0;0;0;0;0;0;0;0;0;0;0;0;0;0;0;0;0;0;0;3;4;4;4;4;8;8;15;8;8;8;0;0;0;0;0;0;1;0;0;1;0;0;0;0;0;1;0;1;0;0;0;0;0;0;0;0;0;0;0;4;3;3;3;0;0;3;3;3;3;3;4;3;4;4;3;3;4;4;3;0;0;0;0;0;0;0;0;8;8;8;8;8;8;8;2;2;2;1;2;2;2;2;2;1;1;2;1;1;1;4;5;4;4;4;5;4;0;0;0;0;0;0;0;0;0;0;0;0;0;0;0;0;0;0;0;0;0;0;0;0;0;0;0;0;0;0;0;0;0;0;0;0;0
null ;Total 2da Dosis;14;15;12;12;10;18;9;9;8;9;12;14;12;12;15;15;14;6;6;6;8;6;6;6;5;6;6;5;5;10;10;20;10;10;10;17;18;17;36;18;18;18;17;18;18;17;18;18;17;15;36;18;18;18;18;18;6;5;8;5;7;6;6;8;18;16;16;16;9;9;7;8;8;7;7;9;7;9;9;9;8;9;9;9;6;8;6;6;8;6;6;6;10;11;11;10;10;10;10;8;6;6;6;6;6;6;6;6;15;14;15;15;13;14;19;19;17;20;20;19;20;19;15;19;18;15;15;15;15;15;19;15;15;19;15;19;18;16;15;16;15;15;17;16;16;15;15;18;15;15;18;16;15;15;15;13;10;13
null ;Acumulado Solicitudes Recibidas: 20000
Mayo; ;Artigas;Colonia;Salto;Rocha;Treinta y Tres;Soriano;Canelones;Florida;Cerro Largo;Flores;San Jose;Lavalleja;Rio Negro;Tacuarembo;Durazno;Rivera;Maldonado;Montevideo;Paysandu
null; Vacunas recibidas;0;0;0;0;0;0;0;0;0;0;0;0;0;0;0;0;0;0;0
null ; ;Hospital ASSESubCP Bella Union;Centro Tisiologico;Auditorio Municipal;Salon Comunal;Hospital Samuel Berton CHLA-EP;Centro Auxiliar ASSE;Hospital Evangelico;Hospital ASSE;Sede secundaria CCOU;Hospital ASSE CP Rosario;Villa Constitucion ASSE;Villa Constitucion Policlinica ASSE;Sindicato Medico ;Valetin Policlinica Local;LOCAL COMERCIAL Dr Soca y Brasil;HOSPITAL DE AGUDOS;Belen Policlinica CAM;Hospital del chuy;Hospital Castillos;Hospital Lascano;COMERO; Centro Cultural La Paloma;Hospital Rocha;Hospital Chuy;Hospoital Vergara;Centro Social Democratico;Estadio Municipal Centro Empleados de Comercio;Santa Clara del Olimar Centro Auxiliar de ASSE;La Charqueada Policlinica de ASSE;Hospital Dolores;Hospital Dolores 2;Mercedes CHLAEP;Cardona CAMS;Circulo Catolico Cardona;Dolores CAMS;Vista Linda Centro de barrio;MUCAM;Country ASSE;Asoc. Espanola;Centro Salud ASSE;CAAMEPA;SAPP;Salvador Allende;Centro Cultural Casa Artigas;SMI;Municipio;Hospital Pando;COMECA;Las Piedras Circulo Catolico;Club Social;Centro Auxiliar;Aeropuerto Auto Vacunatorio;CRAMI;Polideportivo IMM Las Piedras;ASSE;CP Canelones;Cerro Colorado Policlinica;Mendoza Grande Policlinica ASSE;Hospital ASSE CP Florida CHLAEP;Capilla del Sauce Policlinica;Sub CP Sdi Grande ASSE;Club 25 de agosto;Casupa Policlinica ASSE;Policlinico COMEF;UTU Gimnasio;Club Uruguay;Plaza de Deportes;Policlinica de ASSE;Ismael Cortinas Policlinica ASSE;Plaza de Deportes;Colonia Etchepare;Comision profomento Delta del Tigre;Local ex Garelli;Club de Jubilados y Pensionistas;Ciudad Rodriguez Plaza de Deportes ;Centro Proteccion de Choferes;Club de abuelos y adultos mayores;Policlinica AMSJ;Libertad Hospital ASSE;Jose Pedro varela Centro Auxiliar;Local espacio adolescente;Jose Batlle y Ordonez Centro Auxiliar;Mariscala Policliinica CAMDEL;Minas Estadio Municipal;Plaza Las Mujeres;Young CAMY Pediatria;Young Policlinica de ASSE;Bellaco Policlinica de ASSE;Fray Bentos Hospital ASSE;San Javier Policlinia de ASSE;Pazo de la Cruz Policlinica de ASSE;Policlinica de ASSElaza Las Mujeres;Hospital de Tacuarembo ;COMPLEJO BARRIOS AMORÍN;Clinica Fisioterapia;Paso de los Toros COMTA;Villa Ansina Municipio ;Las Toscas de Caraguata Polideportivo ;San Gregorio de Polanco Centro de Salud ;CP Durazno CHALEP;CAMEDUR;Hospital Dr. Emilio Penza;Sub CP Sarandi del Yi CHLAEP;Villa del Carmen Policlinica;Policlinica Blanquillo;La Paloma Policlinica;Villa del Carmen Policlinica 2;San Jorge Policlinica;Casa de la Cultura;Hospital ASSE Minas de Corrales;COMERI;CASMER;Vichadero Policlinica ASSE;Tranqueras Policlinica de ASSE;HTAL AIGUA;Pueblo Eden Centro Comunal;Policlinica AMDM-IAMPP;CAMPUS Puesto;CEDEMCAR;Jose Ignacio Policlinica de ASSE;Hospital Pan de Azucar;ANTEL ARENA 1;Hospital Militar;ANTEL ARENA 2;UNIVERSAL;Hospital de Clinicas C;Hospital de Clinicas B;Hospital de Clinicas A;Hospital Pereira Rossell;Asociacion Espanola;ANTEL ARENA 3;C.A.P. Grupo de Artilleria No. 1;Hospital Policial;ANTEL ARENA 4;Rural del Prado;ANTEL ARENA 5;Centro de Salud Cerro;Fondo Nacional de Recursos;Colegio Medico;CASMU;Sanatorio Casa de Galicia;COSEM Malvin;Circulo Catolico;Hospital Evangelico;Asociacion Espanola 2;Hospital Britanico;SMI IMPASA;CUDAM;C.A.P. Brigada de Infanteria No. 1;Policlinica Zully Sanchez;Hospital Maciel;IMM Complejo CRECE;Medica Uruguaya;FFSP;Hospital Pasteur;Guichon Centro Auxiliar;Quebracho Policlinica;CP Paysandu CHLAEP
null ;de Riesgo;0;0;0;0;0;0;0;0;0;0;0;0;0;0;0;0;0;0;0;0;0;0;0;0;0;0;0;0;0;0;0;0;0;0;0;0;0;0;0;0;0;0;0;0;0;0;0;0;0;0;0;0;0;0;0;0;0;0;0;0;0;0;0;0;0;0;0;0;0;0;0;0;0;0;0;0;0;0;0;0;0;0;0;0;0;0;0;0;0;0;0;0;0;0;0;0;0;0;0;0;0;0;0;0;0;0;0;0;0;0;0;0;0;0;0;0;0;0;0;0;0;0;0;0;0;0;0;0;0;0;0;0;0;0;0;0;0;0;0;0;0;0;0;0;0;0;0;0;0;0;0;0;0;0;0;0;0;0
null ;RANGO > 90 anos;0;0;0;0;0;0;0;0;0;0;0;0;0;0;0;0;0;0;0;0;0;0;0;0;0;0;0;0;0;0;0;0;0;0;0;0;0;0;0;0;0;0;0;0;0;0;0;0;0;0;0;0;0;0;0;0;0;0;0;0;0;0;0;0;0;0;0;0;0;0;0;0;0;0;0;0;0;0;0;0;0;0;0;0;0;0;0;0;0;0;0;0;0;0;0;0;0;0;0;0;0;0;0;0;0;0;0;0;0;0;0;0;0;0;0;0;0;0;0;0;0;0;0;0;0;0;0;0;0;0;0;0;0;0;0;0;0;0;0;0;0;0;0;0;0;0;0;0;0;0;0;0;0;0;0;0;0;0
null ;RANGO > 80 anos;0;0;0;0;0;0;0;0;0;0;0;0;0;0;0;0;0;0;0;0;0;0;0;0;0;0;0;0;0;0;0;0;0;0;0;0;0;0;0;0;0;0;0;0;0;0;0;0;0;0;0;0;0;0;0;0;0;0;0;0;0;0;0;0;0;0;0;0;0;0;0;0;0;0;0;0;0;0;0;0;0;0;0;0;0;0;0;0;0;0;0;0;0;0;0;0;0;0;0;0;0;0;0;0;0;0;0;0;0;0;0;0;0;0;0;0;0;0;0;0;0;0;0;0;0;0;0;0;0;0;0;0;0;0;0;0;0;0;0;0;0;0;0;0;0;0;0;0;0;0;0;0;0;0;0;0;0;0
null ;RANGO > 75 anos;0;0;0;0;0;0;0;0;0;0;0;0;0;0;0;0;0;0;0;0;0;0;0;0;0;0;0;0;0;0;0;0;0;0;0;0;0;0;0;0;0;0;0;0;0;0;0;0;0;0;0;0;0;0;0;0;0;0;0;0;0;0;0;0;0;0;0;0;0;0;0;0;0;0;0;0;0;0;0;0;0;0;0;0;0;0;0;0;0;0;0;0;0;0;0;0;0;0;0;0;0;0;0;0;0;0;0;0;0;0;0;0;0;0;0;0;0;0;0;0;0;0;0;0;0;0;0;0;0;0;0;0;0;0;0;0;0;0;0;0;0;0;0;0;0;0;0;0;0;0;0;0;0;0;0;0;0;0
null ;RANGO > 60 anos;0;0;0;0;0;0;0;0;0;0;0;0;0;0;0;0;0;0;0;0;0;0;0;0;0;0;0;0;0;0;0;0;0;0;0;0;0;0;0;0;0;0;0;0;0;0;0;0;0;0;0;0;0;0;0;0;0;0;0;0;0;0;0;0;0;0;0;0;0;0;0;0;0;0;0;0;0;0;0;0;0;0;0;0;0;0;0;0;0;0;0;0;0;0;0;0;0;0;0;0;0;0;0;0;0;0;0;0;0;0;0;0;0;0;0;0;0;0;0;0;0;0;0;0;0;0;0;0;0;0;0;0;0;0;0;0;0;0;0;0;0;0;0;0;0;0;0;0;0;0;0;0;0;0;0;0;0;0
null ;RANGO > 40 anos;0;0;0;0;0;0;0;0;0;0;0;0;0;0;0;0;0;0;0;0;0;0;0;0;0;0;0;0;0;0;0;0;0;0;0;0;0;0;0;0;0;0;0;0;0;0;0;0;0;0;0;0;0;0;0;0;0;0;0;0;0;0;0;0;0;0;0;0;0;0;0;0;0;0;0;0;0;0;0;0;0;0;0;0;0;0;0;0;0;0;0;0;0;0;0;0;0;0;0;0;0;0;0;0;0;0;0;0;0;0;0;0;0;0;0;0;0;0;0;0;0;0;0;0;0;0;0;0;0;0;0;0;0;0;0;0;0;0;0;0;0;0;0;0;0;0;0;0;0;0;0;0;0;0;0;0;0;0
null ;RANGO > 18 anos;0;0;0;0;0;0;0;0;0;0;0;0;0;0;0;0;0;0;0;0;0;0;0;0;0;0;0;0;0;0;0;0;0;0;0;0;0;0;0;0;0;0;0;0;0;0;0;0;0;0;0;0;0;0;0;0;0;0;0;0;0;0;0;0;0;0;0;0;0;0;0;0;0;0;0;0;0;0;0;0;0;0;0;0;0;0;0;0;0;0;0;0;0;0;0;0;0;0;0;0;0;0;0;0;0;0;0;0;0;0;0;0;0;0;0;0;0;0;0;0;0;0;0;0;0;0;0;0;0;0;0;0;0;0;0;0;0;0;0;0;0;0;0;0;0;0;0;0;0;0;0;0;0;0;0;0;0;0
null ;Total 1era Dosis;0;0;0;0;0;0;0;0;0;0;0;0;0;0;0;0;0;0;0;0;0;0;0;0;0;0;0;0;0;0;0;0;0;0;0;0;0;0;0;0;0;0;0;0;0;0;0;0;0;0;0;0;0;0;0;0;0;0;0;0;0;0;0;0;0;0;0;0;0;0;0;0;0;0;0;0;0;0;0;0;0;0;0;0;0;0;0;0;0;0;0;0;0;0;0;0;0;0;0;0;0;0;0;0;0;0;0;0;0;0;0;0;0;0;0;0;0;0;0;0;0;0;0;0;0;0;0;0;0;0;0;0;0;0;0;0;0;0;0;0;0;0;0;0;0;0;0;0;0;0;0;0;0;0;0;0;0;0
null ;Total 2da Dosis;0;0;0;0;0;0;0;0;0;0;0;0;0;0;0;0;0;0;0;0;0;0;0;0;0;0;0;0;0;0;0;0;0;0;0;0;0;0;0;0;0;0;0;0;0;0;0;0;0;0;0;0;0;0;0;0;0;0;0;0;0;0;0;0;0;0;0;0;0;0;0;0;0;0;0;0;0;0;0;0;0;0;0;0;0;0;0;0;0;0;0;0;0;0;0;0;0;0;0;0;0;0;0;0;0;0;0;0;0;0;0;0;0;0;0;0;0;0;0;0;0;0;0;0;0;0;0;0;0;0;0;0;0;0;0;0;0;0;0;0;0;0;0;0;0;0;0;0;0;0;0;0;0;0;0;0;0;0
null ;Acumulado Solicitudes Recibidas: 25554
Junio; ;Artigas;Colonia;Salto;Rocha;Treinta y Tres;Soriano;Canelones;Florida;Cerro Largo;Flores;San Jose;Lavalleja;Rio Negro;Tacuarembo;Durazno;Rivera;Maldonado;Montevideo;Paysandu
null; Vacunas recibidas;0;0;0;0;0;0;0;0;0;0;0;0;0;0;0;0;0;0;0
null ; ;Hospital ASSESubCP Bella Union;Centro Tisiologico;Auditorio Municipal;Salon Comunal;Hospital Samuel Berton CHLA-EP;Centro Auxiliar ASSE;Hospital Evangelico;Hospital ASSE;Sede secundaria CCOU;Hospital ASSE CP Rosario;Villa Constitucion ASSE;Villa Constitucion Policlinica ASSE;Sindicato Medico ;Valetin Policlinica Local;LOCAL COMERCIAL Dr Soca y Brasil;HOSPITAL DE AGUDOS;Belen Policlinica CAM;Hospital del chuy;Hospital Castillos;Hospital Lascano;COMERO; Centro Cultural La Paloma;Hospital Rocha;Hospital Chuy;Hospoital Vergara;Centro Social Democratico;Estadio Municipal Centro Empleados de Comercio;Santa Clara del Olimar Centro Auxiliar de ASSE;La Charqueada Policlinica de ASSE;Hospital Dolores;Hospital Dolores 2;Mercedes CHLAEP;Cardona CAMS;Circulo Catolico Cardona;Dolores CAMS;Vista Linda Centro de barrio;MUCAM;Country ASSE;Asoc. Espanola;Centro Salud ASSE;CAAMEPA;SAPP;Salvador Allende;Centro Cultural Casa Artigas;SMI;Municipio;Hospital Pando;COMECA;Las Piedras Circulo Catolico;Club Social;Centro Auxiliar;Aeropuerto Auto Vacunatorio;CRAMI;Polideportivo IMM Las Piedras;ASSE;CP Canelones;Cerro Colorado Policlinica;Mendoza Grande Policlinica ASSE;Hospital ASSE CP Florida CHLAEP;Capilla del Sauce Policlinica;Sub CP Sdi Grande ASSE;Club 25 de agosto;Casupa Policlinica ASSE;Policlinico COMEF;UTU Gimnasio;Club Uruguay;Plaza de Deportes;Policlinica de ASSE;Ismael Cortinas Policlinica ASSE;Plaza de Deportes;Colonia Etchepare;Comision profomento Delta del Tigre;Local ex Garelli;Club de Jubilados y Pensionistas;Ciudad Rodriguez Plaza de Deportes ;Centro Proteccion de Choferes;Club de abuelos y adultos mayores;Policlinica AMSJ;Libertad Hospital ASSE;Jose Pedro varela Centro Auxiliar;Local espacio adolescente;Jose Batlle y Ordonez Centro Auxiliar;Mariscala Policliinica CAMDEL;Minas Estadio Municipal;Plaza Las Mujeres;Young CAMY Pediatria;Young Policlinica de ASSE;Bellaco Policlinica de ASSE;Fray Bentos Hospital ASSE;San Javier Policlinia de ASSE;Pazo de la Cruz Policlinica de ASSE;Policlinica de ASSElaza Las Mujeres;Hospital de Tacuarembo ;COMPLEJO BARRIOS AMORÍN;Clinica Fisioterapia;Paso de los Toros COMTA;Villa Ansina Municipio ;Las Toscas de Caraguata Polideportivo ;San Gregorio de Polanco Centro de Salud ;CP Durazno CHALEP;CAMEDUR;Hospital Dr. Emilio Penza;Sub CP Sarandi del Yi CHLAEP;Villa del Carmen Policlinica;Policlinica Blanquillo;La Paloma Policlinica;Villa del Carmen Policlinica 2;San Jorge Policlinica;Casa de la Cultura;Hospital ASSE Minas de Corrales;COMERI;CASMER;Vichadero Policlinica ASSE;Tranqueras Policlinica de ASSE;HTAL AIGUA;Pueblo Eden Centro Comunal;Policlinica AMDM-IAMPP;CAMPUS Puesto;CEDEMCAR;Jose Ignacio Policlinica de ASSE;Hospital Pan de Azucar;ANTEL ARENA 1;Hospital Militar;ANTEL ARENA 2;UNIVERSAL;Hospital de Clinicas C;Hospital de Clinicas B;Hospital de Clinicas A;Hospital Pereira Rossell;Asociacion Espanola;ANTEL ARENA 3;C.A.P. Grupo de Artilleria No. 1;Hospital Policial;ANTEL ARENA 4;Rural del Prado;ANTEL ARENA 5;Centro de Salud Cerro;Fondo Nacional de Recursos;Colegio Medico;CASMU;Sanatorio Casa de Galicia;COSEM Malvin;Circulo Catolico;Hospital Evangelico;Asociacion Espanola 2;Hospital Britanico;SMI IMPASA;CUDAM;C.A.P. Brigada de Infanteria No. 1;Policlinica Zully Sanchez;Hospital Maciel;IMM Complejo CRECE;Medica Uruguaya;FFSP;Hospital Pasteur;Guichon Centro Auxiliar;Quebracho Policlinica;CP Paysandu CHLAEP
null ;de Riesgo;0;0;0;0;0;0;0;0;0;0;0;0;0;0;0;0;0;0;0;0;0;0;0;0;0;0;0;0;0;0;0;0;0;0;0;0;0;0;0;0;0;0;0;0;0;0;0;0;0;0;0;0;0;0;0;0;0;0;0;0;0;0;0;0;0;0;0;0;0;0;0;0;0;0;0;0;0;0;0;0;0;0;0;0;0;0;0;0;0;0;0;0;0;0;0;0;0;0;0;0;0;0;0;0;0;0;0;0;0;0;0;0;0;0;0;0;0;0;0;0;0;0;0;0;0;0;0;0;0;0;0;0;0;0;0;0;0;0;0;0;0;0;0;0;0;0;0;0;0;0;0;0;0;0;0;0;0;0
null ;RANGO > 90 anos;0;0;0;0;0;0;0;0;0;0;0;0;0;0;0;0;0;0;0;0;0;0;0;0;0;0;0;0;0;0;0;0;0;0;0;0;0;0;0;0;0;0;0;0;0;0;0;0;0;0;0;0;0;0;0;0;0;0;0;0;0;0;0;0;0;0;0;0;0;0;0;0;0;0;0;0;0;0;0;0;0;0;0;0;0;0;0;0;0;0;0;0;0;0;0;0;0;0;0;0;0;0;0;0;0;0;0;0;0;0;0;0;0;0;0;0;0;0;0;0;0;0;0;0;0;0;0;0;0;0;0;0;0;0;0;0;0;0;0;0;0;0;0;0;0;0;0;0;0;0;0;0;0;0;0;0;0;0
null ;RANGO > 80 anos;0;0;0;0;0;0;0;0;0;0;0;0;0;0;0;0;0;0;0;0;0;0;0;0;0;0;0;0;0;0;0;0;0;0;0;0;0;0;0;0;0;0;0;0;0;0;0;0;0;0;0;0;0;0;0;0;0;0;0;0;0;0;0;0;0;0;0;0;0;0;0;0;0;0;0;0;0;0;0;0;0;0;0;0;0;0;0;0;0;0;0;0;0;0;0;0;0;0;0;0;0;0;0;0;0;0;0;0;0;0;0;0;0;0;0;0;0;0;0;0;0;0;0;0;0;0;0;0;0;0;0;0;0;0;0;0;0;0;0;0;0;0;0;0;0;0;0;0;0;0;0;0;0;0;0;0;0;0
null ;RANGO > 75 anos;0;0;0;0;0;0;0;0;0;0;0;0;0;0;0;0;0;0;0;0;0;0;0;0;0;0;0;0;0;0;0;0;0;0;0;0;0;0;0;0;0;0;0;0;0;0;0;0;0;0;0;0;0;0;0;0;0;0;0;0;0;0;0;0;0;0;0;0;0;0;0;0;0;0;0;0;0;0;0;0;0;0;0;0;0;0;0;0;0;0;0;0;0;0;0;0;0;0;0;0;0;0;0;0;0;0;0;0;0;0;0;0;0;0;0;0;0;0;0;0;0;0;0;0;0;0;0;0;0;0;0;0;0;0;0;0;0;0;0;0;0;0;0;0;0;0;0;0;0;0;0;0;0;0;0;0;0;0
null ;RANGO > 60 anos;0;0;0;0;0;0;0;0;0;0;0;0;0;0;0;0;0;0;0;0;0;0;0;0;0;0;0;0;0;0;0;0;0;0;0;0;0;0;0;0;0;0;0;0;0;0;0;0;0;0;0;0;0;0;0;0;0;0;0;0;0;0;0;0;0;0;0;0;0;0;0;0;0;0;0;0;0;0;0;0;0;0;0;0;0;0;0;0;0;0;0;0;0;0;0;0;0;0;0;0;0;0;0;0;0;0;0;0;0;0;0;0;0;0;0;0;0;0;0;0;0;0;0;0;0;0;0;0;0;0;0;0;0;0;0;0;0;0;0;0;0;0;0;0;0;0;0;0;0;0;0;0;0;0;0;0;0;0
null ;RANGO > 40 anos;0;0;0;0;0;0;0;0;0;0;0;0;0;0;0;0;0;0;0;0;0;0;0;0;0;0;0;0;0;0;0;0;0;0;0;0;0;0;0;0;0;0;0;0;0;0;0;0;0;0;0;0;0;0;0;0;0;0;0;0;0;0;0;0;0;0;0;0;0;0;0;0;0;0;0;0;0;0;0;0;0;0;0;0;0;0;0;0;0;0;0;0;0;0;0;0;0;0;0;0;0;0;0;0;0;0;0;0;0;0;0;0;0;0;0;0;0;0;0;0;0;0;0;0;0;0;0;0;0;0;0;0;0;0;0;0;0;0;0;0;0;0;0;0;0;0;0;0;0;0;0;0;0;0;0;0;0;0
null ;RANGO > 18 anos;0;0;0;0;0;0;0;0;0;0;0;0;0;0;0;0;0;0;0;0;0;0;0;0;0;0;0;0;0;0;0;0;0;0;0;0;0;0;0;0;0;0;0;0;0;0;0;0;0;0;0;0;0;0;0;0;0;0;0;0;0;0;0;0;0;0;0;0;0;0;0;0;0;0;0;0;0;0;0;0;0;0;0;0;0;0;0;0;0;0;0;0;0;0;0;0;0;0;0;0;0;0;0;0;0;0;0;0;0;0;0;0;0;0;0;0;0;0;0;0;0;0;0;0;0;0;0;0;0;0;0;0;0;0;0;0;0;0;0;0;0;0;0;0;0;0;0;0;0;0;0;0;0;0;0;0;0;0
null ;Total 1era Dosis;0;0;0;0;0;0;0;0;0;0;0;0;0;0;0;0;0;0;0;0;0;0;0;0;0;0;0;0;0;0;0;0;0;0;0;0;0;0;0;0;0;0;0;0;0;0;0;0;0;0;0;0;0;0;0;0;0;0;0;0;0;0;0;0;0;0;0;0;0;0;0;0;0;0;0;0;0;0;0;0;0;0;0;0;0;0;0;0;0;0;0;0;0;0;0;0;0;0;0;0;0;0;0;0;0;0;0;0;0;0;0;0;0;0;0;0;0;0;0;0;0;0;0;0;0;0;0;0;0;0;0;0;0;0;0;0;0;0;0;0;0;0;0;0;0;0;0;0;0;0;0;0;0;0;0;0;0;0
null ;Total 2da Dosis;0;0;0;0;0;0;0;0;0;0;0;0;0;0;0;0;0;0;0;0;0;0;0;0;0;0;0;0;0;0;0;0;0;0;0;0;0;0;0;0;0;0;0;0;0;0;0;0;0;0;0;0;0;0;0;0;0;0;0;0;0;0;0;0;0;0;0;0;0;0;0;0;0;0;0;0;0;0;0;0;0;0;0;0;0;0;0;0;0;0;0;0;0;0;0;0;0;0;0;0;0;0;0;0;0;0;0;0;0;0;0;0;0;0;0;0;0;0;0;0;0;0;0;0;0;0;0;0;0;0;0;0;0;0;0;0;0;0;0;0;0;0;0;0;0;0;0;0;0;0;0;0;0;0;0;0;0;0
null ;Acumulado Solicitudes Recibidas: 30000
Julio; ;Artigas;Colonia;Salto;Rocha;Treinta y Tres;Soriano;Canelones;Florida;Cerro Largo;Flores;San Jose;Lavalleja;Rio Negro;Tacuarembo;Durazno;Rivera;Maldonado;Montevideo;Paysandu
null; Vacunas recibidas;0;0;0;0;0;0;0;0;0;0;0;0;0;0;0;0;0;0;0
null ; ;Hospital ASSESubCP Bella Union;Centro Tisiologico;Auditorio Municipal;Salon Comunal;Hospital Samuel Berton CHLA-EP;Centro Auxiliar ASSE;Hospital Evangelico;Hospital ASSE;Sede secundaria CCOU;Hospital ASSE CP Rosario;Villa Constitucion ASSE;Villa Constitucion Policlinica ASSE;Sindicato Medico ;Valetin Policlinica Local;LOCAL COMERCIAL Dr Soca y Brasil;HOSPITAL DE AGUDOS;Belen Policlinica CAM;Hospital del chuy;Hospital Castillos;Hospital Lascano;COMERO; Centro Cultural La Paloma;Hospital Rocha;Hospital Chuy;Hospoital Vergara;Centro Social Democratico;Estadio Municipal Centro Empleados de Comercio;Santa Clara del Olimar Centro Auxiliar de ASSE;La Charqueada Policlinica de ASSE;Hospital Dolores;Hospital Dolores 2;Mercedes CHLAEP;Cardona CAMS;Circulo Catolico Cardona;Dolores CAMS;Vista Linda Centro de barrio;MUCAM;Country ASSE;Asoc. Espanola;Centro Salud ASSE;CAAMEPA;SAPP;Salvador Allende;Centro Cultural Casa Artigas;SMI;Municipio;Hospital Pando;COMECA;Las Piedras Circulo Catolico;Club Social;Centro Auxiliar;Aeropuerto Auto Vacunatorio;CRAMI;Polideportivo IMM Las Piedras;ASSE;CP Canelones;Cerro Colorado Policlinica;Mendoza Grande Policlinica ASSE;Hospital ASSE CP Florida CHLAEP;Capilla del Sauce Policlinica;Sub CP Sdi Grande ASSE;Club 25 de agosto;Casupa Policlinica ASSE;Policlinico COMEF;UTU Gimnasio;Club Uruguay;Plaza de Deportes;Policlinica de ASSE;Ismael Cortinas Policlinica ASSE;Plaza de Deportes;Colonia Etchepare;Comision profomento Delta del Tigre;Local ex Garelli;Club de Jubilados y Pensionistas;Ciudad Rodriguez Plaza de Deportes ;Centro Proteccion de Choferes;Club de abuelos y adultos mayores;Policlinica AMSJ;Libertad Hospital ASSE;Jose Pedro varela Centro Auxiliar;Local espacio adolescente;Jose Batlle y Ordonez Centro Auxiliar;Mariscala Policliinica CAMDEL;Minas Estadio Municipal;Plaza Las Mujeres;Young CAMY Pediatria;Young Policlinica de ASSE;Bellaco Policlinica de ASSE;Fray Bentos Hospital ASSE;San Javier Policlinia de ASSE;Pazo de la Cruz Policlinica de ASSE;Policlinica de ASSElaza Las Mujeres;Hospital de Tacuarembo ;COMPLEJO BARRIOS AMORÍN;Clinica Fisioterapia;Paso de los Toros COMTA;Villa Ansina Municipio ;Las Toscas de Caraguata Polideportivo ;San Gregorio de Polanco Centro de Salud ;CP Durazno CHALEP;CAMEDUR;Hospital Dr. Emilio Penza;Sub CP Sarandi del Yi CHLAEP;Villa del Carmen Policlinica;Policlinica Blanquillo;La Paloma Policlinica;Villa del Carmen Policlinica 2;San Jorge Policlinica;Casa de la Cultura;Hospital ASSE Minas de Corrales;COMERI;CASMER;Vichadero Policlinica ASSE;Tranqueras Policlinica de ASSE;HTAL AIGUA;Pueblo Eden Centro Comunal;Policlinica AMDM-IAMPP;CAMPUS Puesto;CEDEMCAR;Jose Ignacio Policlinica de ASSE;Hospital Pan de Azucar;ANTEL ARENA 1;Hospital Militar;ANTEL ARENA 2;UNIVERSAL;Hospital de Clinicas C;Hospital de Clinicas B;Hospital de Clinicas A;Hospital Pereira Rossell;Asociacion Espanola;ANTEL ARENA 3;C.A.P. Grupo de Artilleria No. 1;Hospital Policial;ANTEL ARENA 4;Rural del Prado;ANTEL ARENA 5;Centro de Salud Cerro;Fondo Nacional de Recursos;Colegio Medico;CASMU;Sanatorio Casa de Galicia;COSEM Malvin;Circulo Catolico;Hospital Evangelico;Asociacion Espanola 2;Hospital Britanico;SMI IMPASA;CUDAM;C.A.P. Brigada de Infanteria No. 1;Policlinica Zully Sanchez;Hospital Maciel;IMM Complejo CRECE;Medica Uruguaya;FFSP;Hospital Pasteur;Guichon Centro Auxiliar;Quebracho Policlinica;CP Paysandu CHLAEP
null ;de Riesgo;0;0;0;0;0;0;0;0;0;0;0;0;0;0;0;0;0;0;0;0;0;0;0;0;0;0;0;0;0;0;0;0;0;0;0;0;0;0;0;0;0;0;0;0;0;0;0;0;0;0;0;0;0;0;0;0;0;0;0;0;0;0;0;0;0;0;0;0;0;0;0;0;0;0;0;0;0;0;0;0;0;0;0;0;0;0;0;0;0;0;0;0;0;0;0;0;0;0;0;0;0;0;0;0;0;0;0;0;0;0;0;0;0;0;0;0;0;0;0;0;0;0;0;0;0;0;0;0;0;0;0;0;0;0;0;0;0;0;0;0;0;0;0;0;0;0;0;0;0;0;0;0;0;0;0;0;0;0
null ;RANGO > 90 anos;0;0;0;0;0;0;0;0;0;0;0;0;0;0;0;0;0;0;0;0;0;0;0;0;0;0;0;0;0;0;0;0;0;0;0;0;0;0;0;0;0;0;0;0;0;0;0;0;0;0;0;0;0;0;0;0;0;0;0;0;0;0;0;0;0;0;0;0;0;0;0;0;0;0;0;0;0;0;0;0;0;0;0;0;0;0;0;0;0;0;0;0;0;0;0;0;0;0;0;0;0;0;0;0;0;0;0;0;0;0;0;0;0;0;0;0;0;0;0;0;0;0;0;0;0;0;0;0;0;0;0;0;0;0;0;0;0;0;0;0;0;0;0;0;0;0;0;0;0;0;0;0;0;0;0;0;0;0
null ;RANGO > 80 anos;0;0;0;0;0;0;0;0;0;0;0;0;0;0;0;0;0;0;0;0;0;0;0;0;0;0;0;0;0;0;0;0;0;0;0;0;0;0;0;0;0;0;0;0;0;0;0;0;0;0;0;0;0;0;0;0;0;0;0;0;0;0;0;0;0;0;0;0;0;0;0;0;0;0;0;0;0;0;0;0;0;0;0;0;0;0;0;0;0;0;0;0;0;0;0;0;0;0;0;0;0;0;0;0;0;0;0;0;0;0;0;0;0;0;0;0;0;0;0;0;0;0;0;0;0;0;0;0;0;0;0;0;0;0;0;0;0;0;0;0;0;0;0;0;0;0;0;0;0;0;0;0;0;0;0;0;0;0
null ;RANGO > 75 anos;0;0;0;0;0;0;0;0;0;0;0;0;0;0;0;0;0;0;0;0;0;0;0;0;0;0;0;0;0;0;0;0;0;0;0;0;0;0;0;0;0;0;0;0;0;0;0;0;0;0;0;0;0;0;0;0;0;0;0;0;0;0;0;0;0;0;0;0;0;0;0;0;0;0;0;0;0;0;0;0;0;0;0;0;0;0;0;0;0;0;0;0;0;0;0;0;0;0;0;0;0;0;0;0;0;0;0;0;0;0;0;0;0;0;0;0;0;0;0;0;0;0;0;0;0;0;0;0;0;0;0;0;0;0;0;0;0;0;0;0;0;0;0;0;0;0;0;0;0;0;0;0;0;0;0;0;0;0
null ;RANGO > 60 anos;0;0;0;0;0;0;0;0;0;0;0;0;0;0;0;0;0;0;0;0;0;0;0;0;0;0;0;0;0;0;0;0;0;0;0;0;0;0;0;0;0;0;0;0;0;0;0;0;0;0;0;0;0;0;0;0;0;0;0;0;0;0;0;0;0;0;0;0;0;0;0;0;0;0;0;0;0;0;0;0;0;0;0;0;0;0;0;0;0;0;0;0;0;0;0;0;0;0;0;0;0;0;0;0;0;0;0;0;0;0;0;0;0;0;0;0;0;0;0;0;0;0;0;0;0;0;0;0;0;0;0;0;0;0;0;0;0;0;0;0;0;0;0;0;0;0;0;0;0;0;0;0;0;0;0;0;0;0
null ;RANGO > 40 anos;0;0;0;0;0;0;0;0;0;0;0;0;0;0;0;0;0;0;0;0;0;0;0;0;0;0;0;0;0;0;0;0;0;0;0;0;0;0;0;0;0;0;0;0;0;0;0;0;0;0;0;0;0;0;0;0;0;0;0;0;0;0;0;0;0;0;0;0;0;0;0;0;0;0;0;0;0;0;0;0;0;0;0;0;0;0;0;0;0;0;0;0;0;0;0;0;0;0;0;0;0;0;0;0;0;0;0;0;0;0;0;0;0;0;0;0;0;0;0;0;0;0;0;0;0;0;0;0;0;0;0;0;0;0;0;0;0;0;0;0;0;0;0;0;0;0;0;0;0;0;0;0;0;0;0;0;0;0
null ;RANGO > 18 anos;0;0;0;0;0;0;0;0;0;0;0;0;0;0;0;0;0;0;0;0;0;0;0;0;0;0;0;0;0;0;0;0;0;0;0;0;0;0;0;0;0;0;0;0;0;0;0;0;0;0;0;0;0;0;0;0;0;0;0;0;0;0;0;0;0;0;0;0;0;0;0;0;0;0;0;0;0;0;0;0;0;0;0;0;0;0;0;0;0;0;0;0;0;0;0;0;0;0;0;0;0;0;0;0;0;0;0;0;0;0;0;0;0;0;0;0;0;0;0;0;0;0;0;0;0;0;0;0;0;0;0;0;0;0;0;0;0;0;0;0;0;0;0;0;0;0;0;0;0;0;0;0;0;0;0;0;0;0
null ;Total 1era Dosis;0;0;0;0;0;0;0;0;0;0;0;0;0;0;0;0;0;0;0;0;0;0;0;0;0;0;0;0;0;0;0;0;0;0;0;0;0;0;0;0;0;0;0;0;0;0;0;0;0;0;0;0;0;0;0;0;0;0;0;0;0;0;0;0;0;0;0;0;0;0;0;0;0;0;0;0;0;0;0;0;0;0;0;0;0;0;0;0;0;0;0;0;0;0;0;0;0;0;0;0;0;0;0;0;0;0;0;0;0;0;0;0;0;0;0;0;0;0;0;0;0;0;0;0;0;0;0;0;0;0;0;0;0;0;0;0;0;0;0;0;0;0;0;0;0;0;0;0;0;0;0;0;0;0;0;0;0;0
null ;Total 2da Dosis;0;0;0;0;0;0;0;0;0;0;0;0;0;0;0;0;0;0;0;0;0;0;0;0;0;0;0;0;0;0;0;0;0;0;0;0;0;0;0;0;0;0;0;0;0;0;0;0;0;0;0;0;0;0;0;0;0;0;0;0;0;0;0;0;0;0;0;0;0;0;0;0;0;0;0;0;0;0;0;0;0;0;0;0;0;0;0;0;0;0;0;0;0;0;0;0;0;0;0;0;0;0;0;0;0;0;0;0;0;0;0;0;0;0;0;0;0;0;0;0;0;0;0;0;0;0;0;0;0;0;0;0;0;0;0;0;0;0;0;0;0;0;0;0;0;0;0;0;0;0;0;0;0;0;0;0;0;0
null ;Acumulado Solicitudes Recibidas: 40000
Agosto; ;Artigas;Colonia;Salto;Rocha;Treinta y Tres;Soriano;Canelones;Florida;Cerro Largo;Flores;San Jose;Lavalleja;Rio Negro;Tacuarembo;Durazno;Rivera;Maldonado;Montevideo;Paysandu
null; Vacunas recibidas;0;0;0;0;0;0;0;0;0;0;0;0;0;0;0;0;0;0;0
null ; ;Hospital ASSESubCP Bella Union;Centro Tisiologico;Auditorio Municipal;Salon Comunal;Hospital Samuel Berton CHLA-EP;Centro Auxiliar ASSE;Hospital Evangelico;Hospital ASSE;Sede secundaria CCOU;Hospital ASSE CP Rosario;Villa Constitucion ASSE;Villa Constitucion Policlinica ASSE;Sindicato Medico ;Valetin Policlinica Local;LOCAL COMERCIAL Dr Soca y Brasil;HOSPITAL DE AGUDOS;Belen Policlinica CAM;Hospital del chuy;Hospital Castillos;Hospital Lascano;COMERO; Centro Cultural La Paloma;Hospital Rocha;Hospital Chuy;Hospoital Vergara;Centro Social Democratico;Estadio Municipal Centro Empleados de Comercio;Santa Clara del Olimar Centro Auxiliar de ASSE;La Charqueada Policlinica de ASSE;Hospital Dolores;Hospital Dolores 2;Mercedes CHLAEP;Cardona CAMS;Circulo Catolico Cardona;Dolores CAMS;Vista Linda Centro de barrio;MUCAM;Country ASSE;Asoc. Espanola;Centro Salud ASSE;CAAMEPA;SAPP;Salvador Allende;Centro Cultural Casa Artigas;SMI;Municipio;Hospital Pando;COMECA;Las Piedras Circulo Catolico;Club Social;Centro Auxiliar;Aeropuerto Auto Vacunatorio;CRAMI;Polideportivo IMM Las Piedras;ASSE;CP Canelones;Cerro Colorado Policlinica;Mendoza Grande Policlinica ASSE;Hospital ASSE CP Florida CHLAEP;Capilla del Sauce Policlinica;Sub CP Sdi Grande ASSE;Club 25 de agosto;Casupa Policlinica ASSE;Policlinico COMEF;UTU Gimnasio;Club Uruguay;Plaza de Deportes;Policlinica de ASSE;Ismael Cortinas Policlinica ASSE;Plaza de Deportes;Colonia Etchepare;Comision profomento Delta del Tigre;Local ex Garelli;Club de Jubilados y Pensionistas;Ciudad Rodriguez Plaza de Deportes ;Centro Proteccion de Choferes;Club de abuelos y adultos mayores;Policlinica AMSJ;Libertad Hospital ASSE;Jose Pedro varela Centro Auxiliar;Local espacio adolescente;Jose Batlle y Ordonez Centro Auxiliar;Mariscala Policliinica CAMDEL;Minas Estadio Municipal;Plaza Las Mujeres;Young CAMY Pediatria;Young Policlinica de ASSE;Bellaco Policlinica de ASSE;Fray Bentos Hospital ASSE;San Javier Policlinia de ASSE;Pazo de la Cruz Policlinica de ASSE;Policlinica de ASSElaza Las Mujeres;Hospital de Tacuarembo ;COMPLEJO BARRIOS AMORÍN;Clinica Fisioterapia;Paso de los Toros COMTA;Villa Ansina Municipio ;Las Toscas de Caraguata Polideportivo ;San Gregorio de Polanco Centro de Salud ;CP Durazno CHALEP;CAMEDUR;Hospital Dr. Emilio Penza;Sub CP Sarandi del Yi CHLAEP;Villa del Carmen Policlinica;Policlinica Blanquillo;La Paloma Policlinica;Villa del Carmen Policlinica 2;San Jorge Policlinica;Casa de la Cultura;Hospital ASSE Minas de Corrales;COMERI;CASMER;Vichadero Policlinica ASSE;Tranqueras Policlinica de ASSE;HTAL AIGUA;Pueblo Eden Centro Comunal;Policlinica AMDM-IAMPP;CAMPUS Puesto;CEDEMCAR;Jose Ignacio Policlinica de ASSE;Hospital Pan de Azucar;ANTEL ARENA 1;Hospital Militar;ANTEL ARENA 2;UNIVERSAL;Hospital de Clinicas C;Hospital de Clinicas B;Hospital de Clinicas A;Hospital Pereira Rossell;Asociacion Espanola;ANTEL ARENA 3;C.A.P. Grupo de Artilleria No. 1;Hospital Policial;ANTEL ARENA 4;Rural del Prado;ANTEL ARENA 5;Centro de Salud Cerro;Fondo Nacional de Recursos;Colegio Medico;CASMU;Sanatorio Casa de Galicia;COSEM Malvin;Circulo Catolico;Hospital Evangelico;Asociacion Espanola 2;Hospital Britanico;SMI IMPASA;CUDAM;C.A.P. Brigada de Infanteria No. 1;Policlinica Zully Sanchez;Hospital Maciel;IMM Complejo CRECE;Medica Uruguaya;FFSP;Hospital Pasteur;Guichon Centro Auxiliar;Quebracho Policlinica;CP Paysandu CHLAEP
null ;de Riesgo;0;0;0;0;0;0;0;0;0;0;0;0;0;0;0;0;0;0;0;0;0;0;0;0;0;0;0;0;0;0;0;0;0;0;0;0;0;0;0;0;0;0;0;0;0;0;0;0;0;0;0;0;0;0;0;0;0;0;0;0;0;0;0;0;0;0;0;0;0;0;0;0;0;0;0;0;0;0;0;0;0;0;0;0;0;0;0;0;0;0;0;0;0;0;0;0;0;0;0;0;0;0;0;0;0;0;0;0;0;0;0;0;0;0;0;0;0;0;0;0;0;0;0;0;0;0;0;0;0;0;0;0;0;0;0;0;0;0;0;0;0;0;0;0;0;0;0;0;0;0;0;0;0;0;0;0;0;0
null ;RANGO > 90 anos;0;0;0;0;0;0;0;0;0;0;0;0;0;0;0;0;0;0;0;0;0;0;0;0;0;0;0;0;0;0;0;0;0;0;0;0;0;0;0;0;0;0;0;0;0;0;0;0;0;0;0;0;0;0;0;0;0;0;0;0;0;0;0;0;0;0;0;0;0;0;0;0;0;0;0;0;0;0;0;0;0;0;0;0;0;0;0;0;0;0;0;0;0;0;0;0;0;0;0;0;0;0;0;0;0;0;0;0;0;0;0;0;0;0;0;0;0;0;0;0;0;0;0;0;0;0;0;0;0;0;0;0;0;0;0;0;0;0;0;0;0;0;0;0;0;0;0;0;0;0;0;0;0;0;0;0;0;0
null ;RANGO > 80 anos;0;0;0;0;0;0;0;0;0;0;0;0;0;0;0;0;0;0;0;0;0;0;0;0;0;0;0;0;0;0;0;0;0;0;0;0;0;0;0;0;0;0;0;0;0;0;0;0;0;0;0;0;0;0;0;0;0;0;0;0;0;0;0;0;0;0;0;0;0;0;0;0;0;0;0;0;0;0;0;0;0;0;0;0;0;0;0;0;0;0;0;0;0;0;0;0;0;0;0;0;0;0;0;0;0;0;0;0;0;0;0;0;0;0;0;0;0;0;0;0;0;0;0;0;0;0;0;0;0;0;0;0;0;0;0;0;0;0;0;0;0;0;0;0;0;0;0;0;0;0;0;0;0;0;0;0;0;0
null ;RANGO > 75 anos;0;0;0;0;0;0;0;0;0;0;0;0;0;0;0;0;0;0;0;0;0;0;0;0;0;0;0;0;0;0;0;0;0;0;0;0;0;0;0;0;0;0;0;0;0;0;0;0;0;0;0;0;0;0;0;0;0;0;0;0;0;0;0;0;0;0;0;0;0;0;0;0;0;0;0;0;0;0;0;0;0;0;0;0;0;0;0;0;0;0;0;0;0;0;0;0;0;0;0;0;0;0;0;0;0;0;0;0;0;0;0;0;0;0;0;0;0;0;0;0;0;0;0;0;0;0;0;0;0;0;0;0;0;0;0;0;0;0;0;0;0;0;0;0;0;0;0;0;0;0;0;0;0;0;0;0;0;0
null ;RANGO > 60 anos;0;0;0;0;0;0;0;0;0;0;0;0;0;0;0;0;0;0;0;0;0;0;0;0;0;0;0;0;0;0;0;0;0;0;0;0;0;0;0;0;0;0;0;0;0;0;0;0;0;0;0;0;0;0;0;0;0;0;0;0;0;0;0;0;0;0;0;0;0;0;0;0;0;0;0;0;0;0;0;0;0;0;0;0;0;0;0;0;0;0;0;0;0;0;0;0;0;0;0;0;0;0;0;0;0;0;0;0;0;0;0;0;0;0;0;0;0;0;0;0;0;0;0;0;0;0;0;0;0;0;0;0;0;0;0;0;0;0;0;0;0;0;0;0;0;0;0;0;0;0;0;0;0;0;0;0;0;0
null ;RANGO > 40 anos;0;0;0;0;0;0;0;0;0;0;0;0;0;0;0;0;0;0;0;0;0;0;0;0;0;0;0;0;0;0;0;0;0;0;0;0;0;0;0;0;0;0;0;0;0;0;0;0;0;0;0;0;0;0;0;0;0;0;0;0;0;0;0;0;0;0;0;0;0;0;0;0;0;0;0;0;0;0;0;0;0;0;0;0;0;0;0;0;0;0;0;0;0;0;0;0;0;0;0;0;0;0;0;0;0;0;0;0;0;0;0;0;0;0;0;0;0;0;0;0;0;0;0;0;0;0;0;0;0;0;0;0;0;0;0;0;0;0;0;0;0;0;0;0;0;0;0;0;0;0;0;0;0;0;0;0;0;0
null ;RANGO > 18 anos;0;0;0;0;0;0;0;0;0;0;0;0;0;0;0;0;0;0;0;0;0;0;0;0;0;0;0;0;0;0;0;0;0;0;0;0;0;0;0;0;0;0;0;0;0;0;0;0;0;0;0;0;0;0;0;0;0;0;0;0;0;0;0;0;0;0;0;0;0;0;0;0;0;0;0;0;0;0;0;0;0;0;0;0;0;0;0;0;0;0;0;0;0;0;0;0;0;0;0;0;0;0;0;0;0;0;0;0;0;0;0;0;0;0;0;0;0;0;0;0;0;0;0;0;0;0;0;0;0;0;0;0;0;0;0;0;0;0;0;0;0;0;0;0;0;0;0;0;0;0;0;0;0;0;0;0;0;0
null ;Total 1era Dosis;0;0;0;0;0;0;0;0;0;0;0;0;0;0;0;0;0;0;0;0;0;0;0;0;0;0;0;0;0;0;0;0;0;0;0;0;0;0;0;0;0;0;0;0;0;0;0;0;0;0;0;0;0;0;0;0;0;0;0;0;0;0;0;0;0;0;0;0;0;0;0;0;0;0;0;0;0;0;0;0;0;0;0;0;0;0;0;0;0;0;0;0;0;0;0;0;0;0;0;0;0;0;0;0;0;0;0;0;0;0;0;0;0;0;0;0;0;0;0;0;0;0;0;0;0;0;0;0;0;0;0;0;0;0;0;0;0;0;0;0;0;0;0;0;0;0;0;0;0;0;0;0;0;0;0;0;0;0
null ;Total 2da Dosis;0;0;0;0;0;0;0;0;0;0;0;0;0;0;0;0;0;0;0;0;0;0;0;0;0;0;0;0;0;0;0;0;0;0;0;0;0;0;0;0;0;0;0;0;0;0;0;0;0;0;0;0;0;0;0;0;0;0;0;0;0;0;0;0;0;0;0;0;0;0;0;0;0;0;0;0;0;0;0;0;0;0;0;0;0;0;0;0;0;0;0;0;0;0;0;0;0;0;0;0;0;0;0;0;0;0;0;0;0;0;0;0;0;0;0;0;0;0;0;0;0;0;0;0;0;0;0;0;0;0;0;0;0;0;0;0;0;0;0;0;0;0;0;0;0;0;0;0;0;0;0;0;0;0;0;0;0;0
null ;Acumulado Solicitudes Recibidas: 49000
